point_id,v,t,lm,w,band_path,ribbon_path,status
v_0p00_t_0p50_lm_0p00,0.0,0.5,0.0,2.0,outputs/first_stage_band_ribbon/points/v_0p00_t_0p50_lm_0p00/band.png,outputs/first_stage_band_ribbon/points/v_0p00_t_0p50_lm_0p00/ribbon.png,ok
v_0p00_t_0p50_lm_0p10,0.0,0.5,0.1,2.0,outputs/first_stage_band_ribbon/points/v_0p00_t_0p50_lm_0p10/band.png,outputs/first_stage_band_ribbon/points/v_0p00_t_0p50_lm_0p10/ribbon.png,ok
v_0p00_t_0p50_lm_0p20,0.0,0.5,0.2,2.0,outputs/first_stage_band_ribbon/points/v_0p00_t_0p50_lm_0p20/band.png,outputs/first_stage_band_ribbon/points/v_0p00_t_0p50_lm_0p20/ribbon.png,ok
v_0p00_t_0p50_lm_0p30,0.0,0.5,0.3,2.0,outputs/first_stage_band_ribbon/points/v_0p00_t_0p50_lm_0p30/band.png,outputs/first_stage_band_ribbon/points/v_0p00_t_0p50_lm_0p30/ribbon.png,ok
v_0p00_t_0p50_lm_0p40,0.0,0.5,0.4,2.0,outputs/first_stage_band_ribbon/points/v_0p00_t_0p50_lm_0p40/band.png,outputs/first_stage_band_ribbon/points/v_0p00_t_0p50_lm_0p40/ribbon.png,ok
v_0p00_t_0p50_lm_0p50,0.0,0.5,0.5,2.0,outputs/first_stage_band_ribbon/points/v_0p00_t_0p50_lm_0p50/band.png,outputs/first_stage_band_ribbon/points/v_0p00_t_0p50_lm_0p50/ribbon.png,ok
v_0p10_t_0p50_lm_0p00,0.1,0.5,0.0,1.9,outputs/first_stage_band_ribbon/points/v_0p10_t_0p50_lm_0p00/band.png,outputs/first_stage_band_ribbon/points/v_0p10_t_0p50_lm_0p00/ribbon.png,ok
v_0p10_t_0p50_lm_0p10,0.1,0.5,0.1,1.9,outputs/first_stage_band_ribbon/points/v_0p10_t_0p50_lm_0p10/band.png,outputs/first_stage_band_ribbon/points/v_0p10_t_0p50_lm_0p10/ribbon.png,ok
v_0p10_t_0p50_lm_0p20,0.1,0.5,0.2,1.9,outputs/first_stage_band_ribbon/points/v_0p10_t_0p50_lm_0p20/band.png,outputs/first_stage_band_ribbon/points/v_0p10_t_0p50_lm_0p20/ribbon.png,ok
v_0p10_t_0p50_lm_0p30,0.1,0.5,0.3,1.9,outputs/first_stage_band_ribbon/points/v_0p10_t_0p50_lm_0p30/band.png,outputs/first_stage_band_ribbon/points/v_0p10_t_0p50_lm_0p30/ribbon.png,ok
v_0p10_t_0p50_lm_0p40,0.1,0.5,0.4,1.9,outputs/first_stage_band_ribbon/points/v_0p10_t_0p50_lm_0p40/band.png,outputs/first_stage_band_ribbon/points/v_0p10_t_0p50_lm_0p40/ribbon.png,ok
v_0p10_t_0p50_lm_0p50,0.1,0.5,0.5,1.9,outputs/first_stage_band_ribbon/points/v_0p10_t_0p50_lm_0p50/band.png,outputs/first_stage_band_ribbon/points/v_0p10_t_0p50_lm_0p50/ribbon.png,ok
v_0p20_t_0p50_lm_0p00,0.2,0.5,0.0,1.8,outputs/first_stage_band_ribbon/points/v_0p20_t_0p50_lm_0p00/band.png,outputs/first_stage_band_ribbon/points/v_0p20_t_0p50_lm_0p00/ribbon.png,ok
v_0p20_t_0p50_lm_0p10,0.2,0.5,0.1,1.8,outputs/first_stage_band_ribbon/points/v_0p20_t_0p50_lm_0p10/band.png,outputs/first_stage_band_ribbon/points/v_0p20_t_0p50_lm_0p10/ribbon.png,ok
v_0p20_t_0p50_lm_0p20,0.2,0.5,0.2,1.8,outputs/first_stage_band_ribbon/points/v_0p20_t_0p50_lm_0p20/band.png,outputs/first_stage_band_ribbon/points/v_0p20_t_0p50_lm_0p20/ribbon.png,ok
v_0p20_t_0p50_lm_0p30,0.2,0.5,0.3,1.8,outputs/first_stage_band_ribbon/points/v_0p20_t_0p50_lm_0p30/band.png,outputs/first_stage_band_ribbon/points/v_0p20_t_0p50_lm_0p30/ribbon.png,ok
v_0p20_t_0p50_lm_0p40,0.2,0.5,0.4,1.8,outputs/first_stage_band_ribbon/points/v_0p20_t_0p50_lm_0p40/band.png,outputs/first_stage_band_ribbon/points/v_0p20_t_0p50_lm_0p40/ribbon.png,ok
v_0p20_t_0p50_lm_0p50,0.2,0.5,0.5,1.8,outputs/first_stage_band_ribbon/points/v_0p20_t_0p50_lm_0p50/band.png,outputs/first_stage_band_ribbon/points/v_0p20_t_0p50_lm_0p50/ribbon.png,ok
v_0p30_t_0p50_lm_0p00,0.3,0.5,0.0,1.7,outputs/first_stage_band_ribbon/points/v_0p30_t_0p50_lm_0p00/band.png,outputs/first_stage_band_ribbon/points/v_0p30_t_0p50_lm_0p00/ribbon.png,ok
v_0p30_t_0p50_lm_0p10,0.3,0.5,0.1,1.7,outputs/first_stage_band_ribbon/points/v_0p30_t_0p50_lm_0p10/band.png,outputs/first_stage_band_ribbon/points/v_0p30_t_0p50_lm_0p10/ribbon.png,ok
v_0p30_t_0p50_lm_0p20,0.3,0.5,0.2,1.7,outputs/first_stage_band_ribbon/points/v_0p30_t_0p50_lm_0p20/band.png,outputs/first_stage_band_ribbon/points/v_0p30_t_0p50_lm_0p20/ribbon.png,ok
v_0p30_t_0p50_lm_0p30,0.3,0.5,0.3,1.7,outputs/first_stage_band_ribbon/points/v_0p30_t_0p50_lm_0p30/band.png,outputs/first_stage_band_ribbon/points/v_0p30_t_0p50_lm_0p30/ribbon.png,ok
v_0p30_t_0p50_lm_0p40,0.3,0.5,0.4,1.7,outputs/first_stage_band_ribbon/points/v_0p30_t_0p50_lm_0p40/band.png,outputs/first_stage_band_ribbon/points/v_0p30_t_0p50_lm_0p40/ribbon.png,ok
v_0p30_t_0p50_lm_0p50,0.3,0.5,0.5,1.7,outputs/first_stage_band_ribbon/points/v_0p30_t_0p50_lm_0p50/band.png,outputs/first_stage_band_ribbon/points/v_0p30_t_0p50_lm_0p50/ribbon.png,ok
v_0p40_t_0p50_lm_0p00,0.4,0.5,0.0,1.6,outputs/first_stage_band_ribbon/points/v_0p40_t_0p50_lm_0p00/band.png,outputs/first_stage_band_ribbon/points/v_0p40_t_0p50_lm_0p00/ribbon.png,ok
v_0p40_t_0p50_lm_0p10,0.4,0.5,0.1,1.6,outputs/first_stage_band_ribbon/points/v_0p40_t_0p50_lm_0p10/band.png,outputs/first_stage_band_ribbon/points/v_0p40_t_0p50_lm_0p10/ribbon.png,ok
v_0p40_t_0p50_lm_0p20,0.4,0.5,0.2,1.6,outputs/first_stage_band_ribbon/points/v_0p40_t_0p50_lm_0p20/band.png,outputs/first_stage_band_ribbon/points/v_0p40_t_0p50_lm_0p20/ribbon.png,ok
v_0p40_t_0p50_lm_0p30,0.4,0.5,0.3,1.6,outputs/first_stage_band_ribbon/points/v_0p40_t_0p50_lm_0p30/band.png,outputs/first_stage_band_ribbon/points/v_0p40_t_0p50_lm_0p30/ribbon.png,ok
v_0p40_t_0p50_lm_0p40,0.4,0.5,0.4,1.6,outputs/first_stage_band_ribbon/points/v_0p40_t_0p50_lm_0p40/band.png,outputs/first_stage_band_ribbon/points/v_0p40_t_0p50_lm_0p40/ribbon.png,ok
v_0p40_t_0p50_lm_0p50,0.4,0.5,0.5,1.6,outputs/first_stage_band_ribbon/points/v_0p40_t_0p50_lm_0p50/band.png,outputs/first_stage_band_ribbon/points/v_0p40_t_0p50_lm_0p50/ribbon.png,ok
v_0p50_t_0p50_lm_0p00,0.5,0.5,0.0,1.5,outputs/first_stage_band_ribbon/points/v_0p50_t_0p50_lm_0p00/band.png,outputs/first_stage_band_ribbon/points/v_0p50_t_0p50_lm_0p00/ribbon.png,ok
v_0p50_t_0p50_lm_0p10,0.5,0.5,0.1,1.5,outputs/first_stage_band_ribbon/points/v_0p50_t_0p50_lm_0p10/band.png,outputs/first_stage_band_ribbon/points/v_0p50_t_0p50_lm_0p10/ribbon.png,ok
v_0p50_t_0p50_lm_0p20,0.5,0.5,0.2,1.5,outputs/first_stage_band_ribbon/points/v_0p50_t_0p50_lm_0p20/band.png,outputs/first_stage_band_ribbon/points/v_0p50_t_0p50_lm_0p20/ribbon.png,ok
v_0p50_t_0p50_lm_0p30,0.5,0.5,0.3,1.5,outputs/first_stage_band_ribbon/points/v_0p50_t_0p50_lm_0p30/band.png,outputs/first_stage_band_ribbon/points/v_0p50_t_0p50_lm_0p30/ribbon.png,ok
v_0p50_t_0p50_lm_0p40,0.5,0.5,0.4,1.5,outputs/first_stage_band_ribbon/points/v_0p50_t_0p50_lm_0p40/band.png,outputs/first_stage_band_ribbon/points/v_0p50_t_0p50_lm_0p40/ribbon.png,ok
v_0p50_t_0p50_lm_0p50,0.5,0.5,0.5,1.5,outputs/first_stage_band_ribbon/points/v_0p50_t_0p50_lm_0p50/band.png,outputs/first_stage_band_ribbon/points/v_0p50_t_0p50_lm_0p50/ribbon.png,ok
v_0p60_t_0p50_lm_0p00,0.6,0.5,0.0,1.4,outputs/first_stage_band_ribbon/points/v_0p60_t_0p50_lm_0p00/band.png,outputs/first_stage_band_ribbon/points/v_0p60_t_0p50_lm_0p00/ribbon.png,ok
v_0p60_t_0p50_lm_0p10,0.6,0.5,0.1,1.4,outputs/first_stage_band_ribbon/points/v_0p60_t_0p50_lm_0p10/band.png,outputs/first_stage_band_ribbon/points/v_0p60_t_0p50_lm_0p10/ribbon.png,ok
v_0p60_t_0p50_lm_0p20,0.6,0.5,0.2,1.4,outputs/first_stage_band_ribbon/points/v_0p60_t_0p50_lm_0p20/band.png,outputs/first_stage_band_ribbon/points/v_0p60_t_0p50_lm_0p20/ribbon.png,ok
v_0p60_t_0p50_lm_0p30,0.6,0.5,0.3,1.4,outputs/first_stage_band_ribbon/points/v_0p60_t_0p50_lm_0p30/band.png,outputs/first_stage_band_ribbon/points/v_0p60_t_0p50_lm_0p30/ribbon.png,ok
v_0p60_t_0p50_lm_0p40,0.6,0.5,0.4,1.4,outputs/first_stage_band_ribbon/points/v_0p60_t_0p50_lm_0p40/band.png,outputs/first_stage_band_ribbon/points/v_0p60_t_0p50_lm_0p40/ribbon.png,ok
v_0p60_t_0p50_lm_0p50,0.6,0.5,0.5,1.4,outputs/first_stage_band_ribbon/points/v_0p60_t_0p50_lm_0p50/band.png,outputs/first_stage_band_ribbon/points/v_0p60_t_0p50_lm_0p50/ribbon.png,ok
v_0p70_t_0p50_lm_0p00,0.7,0.5,0.0,1.3,outputs/first_stage_band_ribbon/points/v_0p70_t_0p50_lm_0p00/band.png,outputs/first_stage_band_ribbon/points/v_0p70_t_0p50_lm_0p00/ribbon.png,ok
v_0p70_t_0p50_lm_0p10,0.7,0.5,0.1,1.3,outputs/first_stage_band_ribbon/points/v_0p70_t_0p50_lm_0p10/band.png,outputs/first_stage_band_ribbon/points/v_0p70_t_0p50_lm_0p10/ribbon.png,ok
v_0p70_t_0p50_lm_0p20,0.7,0.5,0.2,1.3,outputs/first_stage_band_ribbon/points/v_0p70_t_0p50_lm_0p20/band.png,outputs/first_stage_band_ribbon/points/v_0p70_t_0p50_lm_0p20/ribbon.png,ok
v_0p70_t_0p50_lm_0p30,0.7,0.5,0.3,1.3,outputs/first_stage_band_ribbon/points/v_0p70_t_0p50_lm_0p30/band.png,outputs/first_stage_band_ribbon/points/v_0p70_t_0p50_lm_0p30/ribbon.png,ok
v_0p70_t_0p50_lm_0p40,0.7,0.5,0.4,1.3,outputs/first_stage_band_ribbon/points/v_0p70_t_0p50_lm_0p40/band.png,outputs/first_stage_band_ribbon/points/v_0p70_t_0p50_lm_0p40/ribbon.png,ok
v_0p70_t_0p50_lm_0p50,0.7,0.5,0.5,1.3,outputs/first_stage_band_ribbon/points/v_0p70_t_0p50_lm_0p50/band.png,outputs/first_stage_band_ribbon/points/v_0p70_t_0p50_lm_0p50/ribbon.png,ok
v_0p80_t_0p50_lm_0p00,0.8,0.5,0.0,1.2,outputs/first_stage_band_ribbon/points/v_0p80_t_0p50_lm_0p00/band.png,outputs/first_stage_band_ribbon/points/v_0p80_t_0p50_lm_0p00/ribbon.png,ok
v_0p80_t_0p50_lm_0p10,0.8,0.5,0.1,1.2,outputs/first_stage_band_ribbon/points/v_0p80_t_0p50_lm_0p10/band.png,outputs/first_stage_band_ribbon/points/v_0p80_t_0p50_lm_0p10/ribbon.png,ok
v_0p80_t_0p50_lm_0p20,0.8,0.5,0.2,1.2,outputs/first_stage_band_ribbon/points/v_0p80_t_0p50_lm_0p20/band.png,outputs/first_stage_band_ribbon/points/v_0p80_t_0p50_lm_0p20/ribbon.png,ok
v_0p80_t_0p50_lm_0p30,0.8,0.5,0.3,1.2,outputs/first_stage_band_ribbon/points/v_0p80_t_0p50_lm_0p30/band.png,outputs/first_stage_band_ribbon/points/v_0p80_t_0p50_lm_0p30/ribbon.png,ok
v_0p80_t_0p50_lm_0p40,0.8,0.5,0.4,1.2,outputs/first_stage_band_ribbon/points/v_0p80_t_0p50_lm_0p40/band.png,outputs/first_stage_band_ribbon/points/v_0p80_t_0p50_lm_0p40/ribbon.png,ok
v_0p80_t_0p50_lm_0p50,0.8,0.5,0.5,1.2,outputs/first_stage_band_ribbon/points/v_0p80_t_0p50_lm_0p50/band.png,outputs/first_stage_band_ribbon/points/v_0p80_t_0p50_lm_0p50/ribbon.png,ok
v_0p90_t_0p50_lm_0p00,0.9,0.5,0.0,1.1,outputs/first_stage_band_ribbon/points/v_0p90_t_0p50_lm_0p00/band.png,outputs/first_stage_band_ribbon/points/v_0p90_t_0p50_lm_0p00/ribbon.png,ok
v_0p90_t_0p50_lm_0p10,0.9,0.5,0.1,1.1,outputs/first_stage_band_ribbon/points/v_0p90_t_0p50_lm_0p10/band.png,outputs/first_stage_band_ribbon/points/v_0p90_t_0p50_lm_0p10/ribbon.png,ok
v_0p90_t_0p50_lm_0p20,0.9,0.5,0.2,1.1,outputs/first_stage_band_ribbon/points/v_0p90_t_0p50_lm_0p20/band.png,outputs/first_stage_band_ribbon/points/v_0p90_t_0p50_lm_0p20/ribbon.png,ok
v_0p90_t_0p50_lm_0p30,0.9,0.5,0.3,1.1,outputs/first_stage_band_ribbon/points/v_0p90_t_0p50_lm_0p30/band.png,outputs/first_stage_band_ribbon/points/v_0p90_t_0p50_lm_0p30/ribbon.png,ok
v_0p90_t_0p50_lm_0p40,0.9,0.5,0.4,1.1,outputs/first_stage_band_ribbon/points/v_0p90_t_0p50_lm_0p40/band.png,outputs/first_stage_band_ribbon/points/v_0p90_t_0p50_lm_0p40/ribbon.png,ok
v_0p90_t_0p50_lm_0p50,0.9,0.5,0.5,1.1,outputs/first_stage_band_ribbon/points/v_0p90_t_0p50_lm_0p50/band.png,outputs/first_stage_band_ribbon/points/v_0p90_t_0p50_lm_0p50/ribbon.png,ok
v_1p00_t_0p50_lm_0p00,1.0,0.5,0.0,1.0,outputs/first_stage_band_ribbon/points/v_1p00_t_0p50_lm_0p00/band.png,outputs/first_stage_band_ribbon/points/v_1p00_t_0p50_lm_0p00/ribbon.png,ok
v_1p00_t_0p50_lm_0p10,1.0,0.5,0.1,1.0,outputs/first_stage_band_ribbon/points/v_1p00_t_0p50_lm_0p10/band.png,outputs/first_stage_band_ribbon/points/v_1p00_t_0p50_lm_0p10/ribbon.png,ok
v_1p00_t_0p50_lm_0p20,1.0,0.5,0.2,1.0,outputs/first_stage_band_ribbon/points/v_1p00_t_0p50_lm_0p20/band.png,outputs/first_stage_band_ribbon/points/v_1p00_t_0p50_lm_0p20/ribbon.png,ok
v_1p00_t_0p50_lm_0p30,1.0,0.5,0.3,1.0,outputs/first_stage_band_ribbon/points/v_1p00_t_0p50_lm_0p30/band.png,outputs/first_stage_band_ribbon/points/v_1p00_t_0p50_lm_0p30/ribbon.png,ok
v_1p00_t_0p50_lm_0p40,1.0,0.5,0.4,1.0,outputs/first_stage_band_ribbon/points/v_1p00_t_0p50_lm_0p40/band.png,outputs/first_stage_band_ribbon/points/v_1p00_t_0p50_lm_0p40/ribbon.png,ok
v_1p00_t_0p50_lm_0p50,1.0,0.5,0.5,1.0,outputs/first_stage_band_ribbon/points/v_1p00_t_0p50_lm_0p50/band.png,outputs/first_stage_band_ribbon/points/v_1p00_t_0p50_lm_0p50/ribbon.png,ok
v_1p10_t_0p50_lm_0p00,1.1,0.5,0.0,0.8999999999999999,outputs/first_stage_band_ribbon/points/v_1p10_t_0p50_lm_0p00/band.png,outputs/first_stage_band_ribbon/points/v_1p10_t_0p50_lm_0p00/ribbon.png,ok
v_1p10_t_0p50_lm_0p10,1.1,0.5,0.1,0.8999999999999999,outputs/first_stage_band_ribbon/points/v_1p10_t_0p50_lm_0p10/band.png,outputs/first_stage_band_ribbon/points/v_1p10_t_0p50_lm_0p10/ribbon.png,ok
v_1p10_t_0p50_lm_0p20,1.1,0.5,0.2,0.8999999999999999,outputs/first_stage_band_ribbon/points/v_1p10_t_0p50_lm_0p20/band.png,outputs/first_stage_band_ribbon/points/v_1p10_t_0p50_lm_0p20/ribbon.png,ok
v_1p10_t_0p50_lm_0p30,1.1,0.5,0.3,0.8999999999999999,outputs/first_stage_band_ribbon/points/v_1p10_t_0p50_lm_0p30/band.png,outputs/first_stage_band_ribbon/points/v_1p10_t_0p50_lm_0p30/ribbon.png,ok
v_1p10_t_0p50_lm_0p40,1.1,0.5,0.4,0.8999999999999999,outputs/first_stage_band_ribbon/points/v_1p10_t_0p50_lm_0p40/band.png,outputs/first_stage_band_ribbon/points/v_1p10_t_0p50_lm_0p40/ribbon.png,ok
v_1p10_t_0p50_lm_0p50,1.1,0.5,0.5,0.8999999999999999,outputs/first_stage_band_ribbon/points/v_1p10_t_0p50_lm_0p50/band.png,outputs/first_stage_band_ribbon/points/v_1p10_t_0p50_lm_0p50/ribbon.png,ok
v_1p20_t_0p50_lm_0p00,1.2,0.5,0.0,0.8,outputs/first_stage_band_ribbon/points/v_1p20_t_0p50_lm_0p00/band.png,outputs/first_stage_band_ribbon/points/v_1p20_t_0p50_lm_0p00/ribbon.png,ok
v_1p20_t_0p50_lm_0p10,1.2,0.5,0.1,0.8,outputs/first_stage_band_ribbon/points/v_1p20_t_0p50_lm_0p10/band.png,outputs/first_stage_band_ribbon/points/v_1p20_t_0p50_lm_0p10/ribbon.png,ok
v_1p20_t_0p50_lm_0p20,1.2,0.5,0.2,0.8,outputs/first_stage_band_ribbon/points/v_1p20_t_0p50_lm_0p20/band.png,outputs/first_stage_band_ribbon/points/v_1p20_t_0p50_lm_0p20/ribbon.png,ok
v_1p20_t_0p50_lm_0p30,1.2,0.5,0.3,0.8,outputs/first_stage_band_ribbon/points/v_1p20_t_0p50_lm_0p30/band.png,outputs/first_stage_band_ribbon/points/v_1p20_t_0p50_lm_0p30/ribbon.png,ok
v_1p20_t_0p50_lm_0p40,1.2,0.5,0.4,0.8,outputs/first_stage_band_ribbon/points/v_1p20_t_0p50_lm_0p40/band.png,outputs/first_stage_band_ribbon/points/v_1p20_t_0p50_lm_0p40/ribbon.png,ok
v_1p20_t_0p50_lm_0p50,1.2,0.5,0.5,0.8,outputs/first_stage_band_ribbon/points/v_1p20_t_0p50_lm_0p50/band.png,outputs/first_stage_band_ribbon/points/v_1p20_t_0p50_lm_0p50/ribbon.png,ok
v_1p30_t_0p50_lm_0p00,1.3,0.5,0.0,0.7,outputs/first_stage_band_ribbon/points/v_1p30_t_0p50_lm_0p00/band.png,outputs/first_stage_band_ribbon/points/v_1p30_t_0p50_lm_0p00/ribbon.png,ok
v_1p30_t_0p50_lm_0p10,1.3,0.5,0.1,0.7,outputs/first_stage_band_ribbon/points/v_1p30_t_0p50_lm_0p10/band.png,outputs/first_stage_band_ribbon/points/v_1p30_t_0p50_lm_0p10/ribbon.png,ok
v_1p30_t_0p50_lm_0p20,1.3,0.5,0.2,0.7,outputs/first_stage_band_ribbon/points/v_1p30_t_0p50_lm_0p20/band.png,outputs/first_stage_band_ribbon/points/v_1p30_t_0p50_lm_0p20/ribbon.png,ok
v_1p30_t_0p50_lm_0p30,1.3,0.5,0.3,0.7,outputs/first_stage_band_ribbon/points/v_1p30_t_0p50_lm_0p30/band.png,outputs/first_stage_band_ribbon/points/v_1p30_t_0p50_lm_0p30/ribbon.png,ok
v_1p30_t_0p50_lm_0p40,1.3,0.5,0.4,0.7,outputs/first_stage_band_ribbon/points/v_1p30_t_0p50_lm_0p40/band.png,outputs/first_stage_band_ribbon/points/v_1p30_t_0p50_lm_0p40/ribbon.png,ok
v_1p30_t_0p50_lm_0p50,1.3,0.5,0.5,0.7,outputs/first_stage_band_ribbon/points/v_1p30_t_0p50_lm_0p50/band.png,outputs/first_stage_band_ribbon/points/v_1p30_t_0p50_lm_0p50/ribbon.png,ok
v_1p40_t_0p50_lm_0p00,1.4,0.5,0.0,0.6000000000000001,outputs/first_stage_band_ribbon/points/v_1p40_t_0p50_lm_0p00/band.png,outputs/first_stage_band_ribbon/points/v_1p40_t_0p50_lm_0p00/ribbon.png,ok
v_1p40_t_0p50_lm_0p10,1.4,0.5,0.1,0.6000000000000001,outputs/first_stage_band_ribbon/points/v_1p40_t_0p50_lm_0p10/band.png,outputs/first_stage_band_ribbon/points/v_1p40_t_0p50_lm_0p10/ribbon.png,ok
v_1p40_t_0p50_lm_0p20,1.4,0.5,0.2,0.6000000000000001,outputs/first_stage_band_ribbon/points/v_1p40_t_0p50_lm_0p20/band.png,outputs/first_stage_band_ribbon/points/v_1p40_t_0p50_lm_0p20/ribbon.png,ok
v_1p40_t_0p50_lm_0p30,1.4,0.5,0.3,0.6000000000000001,outputs/first_stage_band_ribbon/points/v_1p40_t_0p50_lm_0p30/band.png,outputs/first_stage_band_ribbon/points/v_1p40_t_0p50_lm_0p30/ribbon.png,ok
v_1p40_t_0p50_lm_0p40,1.4,0.5,0.4,0.6000000000000001,outputs/first_stage_band_ribbon/points/v_1p40_t_0p50_lm_0p40/band.png,outputs/first_stage_band_ribbon/points/v_1p40_t_0p50_lm_0p40/ribbon.png,ok
v_1p40_t_0p50_lm_0p50,1.4,0.5,0.5,0.6000000000000001,outputs/first_stage_band_ribbon/points/v_1p40_t_0p50_lm_0p50/band.png,outputs/first_stage_band_ribbon/points/v_1p40_t_0p50_lm_0p50/ribbon.png,ok
v_1p50_t_0p50_lm_0p00,1.5,0.5,0.0,0.5,outputs/first_stage_band_ribbon/points/v_1p50_t_0p50_lm_0p00/band.png,outputs/first_stage_band_ribbon/points/v_1p50_t_0p50_lm_0p00/ribbon.png,ok
v_1p50_t_0p50_lm_0p10,1.5,0.5,0.1,0.5,outputs/first_stage_band_ribbon/points/v_1p50_t_0p50_lm_0p10/band.png,outputs/first_stage_band_ribbon/points/v_1p50_t_0p50_lm_0p10/ribbon.png,ok
v_1p50_t_0p50_lm_0p20,1.5,0.5,0.2,0.5,outputs/first_stage_band_ribbon/points/v_1p50_t_0p50_lm_0p20/band.png,outputs/first_stage_band_ribbon/points/v_1p50_t_0p50_lm_0p20/ribbon.png,ok
v_1p50_t_0p50_lm_0p30,1.5,0.5,0.3,0.5,outputs/first_stage_band_ribbon/points/v_1p50_t_0p50_lm_0p30/band.png,outputs/first_stage_band_ribbon/points/v_1p50_t_0p50_lm_0p30/ribbon.png,ok
v_1p50_t_0p50_lm_0p40,1.5,0.5,0.4,0.5,outputs/first_stage_band_ribbon/points/v_1p50_t_0p50_lm_0p40/band.png,outputs/first_stage_band_ribbon/points/v_1p50_t_0p50_lm_0p40/ribbon.png,ok
v_1p50_t_0p50_lm_0p50,1.5,0.5,0.5,0.5,outputs/first_stage_band_ribbon/points/v_1p50_t_0p50_lm_0p50/band.png,outputs/first_stage_band_ribbon/points/v_1p50_t_0p50_lm_0p50/ribbon.png,ok
v_1p60_t_0p50_lm_0p00,1.6,0.5,0.0,0.3999999999999999,outputs/first_stage_band_ribbon/points/v_1p60_t_0p50_lm_0p00/band.png,outputs/first_stage_band_ribbon/points/v_1p60_t_0p50_lm_0p00/ribbon.png,ok
v_1p60_t_0p50_lm_0p10,1.6,0.5,0.1,0.3999999999999999,outputs/first_stage_band_ribbon/points/v_1p60_t_0p50_lm_0p10/band.png,outputs/first_stage_band_ribbon/points/v_1p60_t_0p50_lm_0p10/ribbon.png,ok
v_1p60_t_0p50_lm_0p20,1.6,0.5,0.2,0.3999999999999999,outputs/first_stage_band_ribbon/points/v_1p60_t_0p50_lm_0p20/band.png,outputs/first_stage_band_ribbon/points/v_1p60_t_0p50_lm_0p20/ribbon.png,ok
v_1p60_t_0p50_lm_0p30,1.6,0.5,0.3,0.3999999999999999,outputs/first_stage_band_ribbon/points/v_1p60_t_0p50_lm_0p30/band.png,outputs/first_stage_band_ribbon/points/v_1p60_t_0p50_lm_0p30/ribbon.png,ok
v_1p60_t_0p50_lm_0p40,1.6,0.5,0.4,0.3999999999999999,outputs/first_stage_band_ribbon/points/v_1p60_t_0p50_lm_0p40/band.png,outputs/first_stage_band_ribbon/points/v_1p60_t_0p50_lm_0p40/ribbon.png,ok
v_1p60_t_0p50_lm_0p50,1.6,0.5,0.5,0.3999999999999999,outputs/first_stage_band_ribbon/points/v_1p60_t_0p50_lm_0p50/band.png,outputs/first_stage_band_ribbon/points/v_1p60_t_0p50_lm_0p50/ribbon.png,ok
v_1p70_t_0p50_lm_0p00,1.7,0.5,0.0,0.30000000000000004,outputs/first_stage_band_ribbon/points/v_1p70_t_0p50_lm_0p00/band.png,outputs/first_stage_band_ribbon/points/v_1p70_t_0p50_lm_0p00/ribbon.png,ok
v_1p70_t_0p50_lm_0p10,1.7,0.5,0.1,0.30000000000000004,outputs/first_stage_band_ribbon/points/v_1p70_t_0p50_lm_0p10/band.png,outputs/first_stage_band_ribbon/points/v_1p70_t_0p50_lm_0p10/ribbon.png,ok
v_1p70_t_0p50_lm_0p20,1.7,0.5,0.2,0.30000000000000004,outputs/first_stage_band_ribbon/points/v_1p70_t_0p50_lm_0p20/band.png,outputs/first_stage_band_ribbon/points/v_1p70_t_0p50_lm_0p20/ribbon.png,ok
v_1p70_t_0p50_lm_0p30,1.7,0.5,0.3,0.30000000000000004,outputs/first_stage_band_ribbon/points/v_1p70_t_0p50_lm_0p30/band.png,outputs/first_stage_band_ribbon/points/v_1p70_t_0p50_lm_0p30/ribbon.png,ok
v_1p70_t_0p50_lm_0p40,1.7,0.5,0.4,0.30000000000000004,outputs/first_stage_band_ribbon/points/v_1p70_t_0p50_lm_0p40/band.png,outputs/first_stage_band_ribbon/points/v_1p70_t_0p50_lm_0p40/ribbon.png,ok
v_1p70_t_0p50_lm_0p50,1.7,0.5,0.5,0.30000000000000004,outputs/first_stage_band_ribbon/points/v_1p70_t_0p50_lm_0p50/band.png,outputs/first_stage_band_ribbon/points/v_1p70_t_0p50_lm_0p50/ribbon.png,ok
v_1p80_t_0p50_lm_0p00,1.8,0.5,0.0,0.19999999999999996,outputs/first_stage_band_ribbon/points/v_1p80_t_0p50_lm_0p00/band.png,outputs/first_stage_band_ribbon/points/v_1p80_t_0p50_lm_0p00/ribbon.png,ok
v_1p80_t_0p50_lm_0p10,1.8,0.5,0.1,0.19999999999999996,outputs/first_stage_band_ribbon/points/v_1p80_t_0p50_lm_0p10/band.png,outputs/first_stage_band_ribbon/points/v_1p80_t_0p50_lm_0p10/ribbon.png,ok
v_1p80_t_0p50_lm_0p20,1.8,0.5,0.2,0.19999999999999996,outputs/first_stage_band_ribbon/points/v_1p80_t_0p50_lm_0p20/band.png,outputs/first_stage_band_ribbon/points/v_1p80_t_0p50_lm_0p20/ribbon.png,ok
v_1p80_t_0p50_lm_0p30,1.8,0.5,0.3,0.19999999999999996,outputs/first_stage_band_ribbon/points/v_1p80_t_0p50_lm_0p30/band.png,outputs/first_stage_band_ribbon/points/v_1p80_t_0p50_lm_0p30/ribbon.png,ok
v_1p80_t_0p50_lm_0p40,1.8,0.5,0.4,0.19999999999999996,outputs/first_stage_band_ribbon/points/v_1p80_t_0p50_lm_0p40/band.png,outputs/first_stage_band_ribbon/points/v_1p80_t_0p50_lm_0p40/ribbon.png,ok
v_1p80_t_0p50_lm_0p50,1.8,0.5,0.5,0.19999999999999996,outputs/first_stage_band_ribbon/points/v_1p80_t_0p50_lm_0p50/band.png,outputs/first_stage_band_ribbon/points/v_1p80_t_0p50_lm_0p50/ribbon.png,ok
v_1p90_t_0p50_lm_0p00,1.9,0.5,0.0,0.10000000000000009,outputs/first_stage_band_ribbon/points/v_1p90_t_0p50_lm_0p00/band.png,outputs/first_stage_band_ribbon/points/v_1p90_t_0p50_lm_0p00/ribbon.png,ok
v_1p90_t_0p50_lm_0p10,1.9,0.5,0.1,0.10000000000000009,outputs/first_stage_band_ribbon/points/v_1p90_t_0p50_lm_0p10/band.png,outputs/first_stage_band_ribbon/points/v_1p90_t_0p50_lm_0p10/ribbon.png,ok
v_1p90_t_0p50_lm_0p20,1.9,0.5,0.2,0.10000000000000009,outputs/first_stage_band_ribbon/points/v_1p90_t_0p50_lm_0p20/band.png,outputs/first_stage_band_ribbon/points/v_1p90_t_0p50_lm_0p20/ribbon.png,ok
v_1p90_t_0p50_lm_0p30,1.9,0.5,0.3,0.10000000000000009,outputs/first_stage_band_ribbon/points/v_1p90_t_0p50_lm_0p30/band.png,outputs/first_stage_band_ribbon/points/v_1p90_t_0p50_lm_0p30/ribbon.png,ok
v_1p90_t_0p50_lm_0p40,1.9,0.5,0.4,0.10000000000000009,outputs/first_stage_band_ribbon/points/v_1p90_t_0p50_lm_0p40/band.png,outputs/first_stage_band_ribbon/points/v_1p90_t_0p50_lm_0p40/ribbon.png,ok
v_1p90_t_0p50_lm_0p50,1.9,0.5,0.5,0.10000000000000009,outputs/first_stage_band_ribbon/points/v_1p90_t_0p50_lm_0p50/band.png,outputs/first_stage_band_ribbon/points/v_1p90_t_0p50_lm_0p50/ribbon.png,ok
v_2p00_t_0p50_lm_0p00,2.0,0.5,0.0,0.0,outputs/first_stage_band_ribbon/points/v_2p00_t_0p50_lm_0p00/band.png,outputs/first_stage_band_ribbon/points/v_2p00_t_0p50_lm_0p00/ribbon.png,ok
v_2p00_t_0p50_lm_0p10,2.0,0.5,0.1,0.0,outputs/first_stage_band_ribbon/points/v_2p00_t_0p50_lm_0p10/band.png,outputs/first_stage_band_ribbon/points/v_2p00_t_0p50_lm_0p10/ribbon.png,ok
v_2p00_t_0p50_lm_0p20,2.0,0.5,0.2,0.0,outputs/first_stage_band_ribbon/points/v_2p00_t_0p50_lm_0p20/band.png,outputs/first_stage_band_ribbon/points/v_2p00_t_0p50_lm_0p20/ribbon.png,ok
v_2p00_t_0p50_lm_0p30,2.0,0.5,0.3,0.0,outputs/first_stage_band_ribbon/points/v_2p00_t_0p50_lm_0p30/band.png,outputs/first_stage_band_ribbon/points/v_2p00_t_0p50_lm_0p30/ribbon.png,ok
v_2p00_t_0p50_lm_0p40,2.0,0.5,0.4,0.0,outputs/first_stage_band_ribbon/points/v_2p00_t_0p50_lm_0p40/band.png,outputs/first_stage_band_ribbon/points/v_2p00_t_0p50_lm_0p40/ribbon.png,ok
v_2p00_t_0p50_lm_0p50,2.0,0.5,0.5,0.0,outputs/first_stage_band_ribbon/points/v_2p00_t_0p50_lm_0p50/band.png,outputs/first_stage_band_ribbon/points/v_2p00_t_0p50_lm_0p50/ribbon.png,ok
